"","chr","coord","pwm","shape","score"
"1","chr10",80826511,9.637939453125,2.45030927658081,2.47921695619642
"2","chr10",80329923,9.92866706848145,2.59064102172852,2.61954870134413
"3","chr10",80167653,9.76913356781006,2.74383354187012,2.77274122148573
"4","chr10",80434017,9.74800395965576,2.87627935409546,2.90518703371107
"5","chr10",81182910,11.0576515197754,2.6450502872467,2.67395796686232
"6","chr10",80399769,11.5404567718506,2.43409562110901,2.52489019413115
"7","chr10",22142315,6.71551895141602,3.96542191505432,3.96542191505432
"8","chr10",81601052,11.3394746780396,2.65035247802734,2.70831381248133
"9","chr10",81182827,10.5376787185669,2.63833022117615,2.66723790079176
"10","chr10",128696303,9.74793148040771,2.40855717658997,2.43746485620558
"11","chr10",81182748,9.79161930084229,2.68418002128601,2.71308770090162
"12","chr10",80929947,6.97003746032715,2.4613630771637,2.4613630771637
"13","chr10",80329800,8.66080760955811,2.74527955055237,2.76162557630731
"14","chr10",80929986,7.25044870376587,2.47694754600525,2.47694754600525
"15","chr10",79854575,9.60482311248779,2.56058979034424,2.58949746995985
"16","chr10",42475230,9.45735359191895,2.48196196556091,2.51086964517653
"17","chr10",80399701,9.59965229034424,2.54635214805603,2.57525982767164
"18","chr10",80329894,6.76076936721802,2.55854058265686,2.55854058265686
"19","chr10",80399616,8.86485195159912,2.40289425849915,2.41924028425409
"20","chr10",5805549,7.72563934326172,2.40610718727112,2.40610718727112
"21","chr10",23813164,7.76584482192993,3.33373332023621,3.33373332023621
"22","chr10",128083080,7.52179861068726,2.37744736671448,2.37744736671448
"23","chr10",80578103,5.65743160247803,2.56063294410706,2.54156829410936
"24","chr10",108298983,7.11921310424805,2.40404796600342,2.40404796600342
"25","chr11",23255533,11.4495916366577,2.60471510887146,2.6955096818936
"26","chr11",115277331,12.3476963043213,2.56154561042786,2.79743858697454
"27","chr11",40733448,12.4322538375854,2.17369723320007,2.40959020974676
"28","chr11",120232854,12.2564878463745,2.3589334487915,2.59482642533819
"29","chr11",54860614,11.2622804641724,2.36192154884338,2.41988288329737
"30","chr11",84870212,12.7965211868286,1.53638732433319,2.76333368751735
"31","chr11",40755319,12.4496507644653,2.21461391448975,2.45050689103643
"32","chr11",106789183,9.0662727355957,3.08148217201233,3.10514276083879
"33","chr11",87109159,11.3817014694214,2.6909441947937,2.74890552924768
"34","chr11",3171009,6.00063705444336,7.1806812286377,7.16161657864
"35","chr11",79993040,11.8198661804199,2.24217820167542,2.37523140270236
"36","chr11",87108824,10.9810152053833,2.41550755500793,2.44441523462355
"37","chr11",96977781,8.71828079223633,2.75723314285278,2.77357916860773
"38","chr11",99024369,7.91230773925781,3.26395750045776,3.2661160334217
"39","chr11",62551146,11.2816095352173,3.31060552597046,3.36856686042444
"40","chr11",62551179,10.6292266845703,3.19991707801819,3.2288247576338
"41","chr11",70668707,10.9433460235596,2.4807722568512,2.50967993646681
"42","chr11",3125013,9.83641529083252,3.51185131072998,3.54075899034559
"43","chr11",4096800,11.1737928390503,2.3594377040863,2.38834538370192
"44","chr11",78697497,8.02073287963867,2.90137529373169,2.90353382669563
"45","chr11",69901036,11.2260723114014,2.36419439315796,2.42215572761194
"46","chr11",100319857,9.78747749328613,2.75093054771423,2.77983822732985
"47","chr11",116087014,10.3959274291992,2.55355858802795,2.58246626764357
"48","chr11",99024278,9.19014644622803,2.94989848136902,2.97355907019548
"49","chr11",3190029,11.2584276199341,7.22610092163086,7.28406225608484
"50","chr11",101552627,10.1196966171265,2.99250411987305,3.02141179948866
"51","chr11",87109025,8.80632305145264,2.53325319290161,2.54959921865655
"52","chr11",23255896,10.6941137313843,2.70365428924561,2.73256196886122
"53","chr11",68691892,10.3685064315796,2.34776902198792,2.37667670160353
"54","chr11",106999956,9.68922138214111,2.64038801193237,2.66929569154799
"55","chr11",75461487,9.08466911315918,2.49351358413696,2.51717417296342
"56","chr11",94210343,8.85702228546143,2.39739847183228,2.41374449758722
"57","chr11",87108730,9.27859306335449,2.41002202033997,2.43368260916642
"58","chr11",70668942,9.4947452545166,2.7808678150177,2.80977549463331
"59","chr11",3144648,4.80155420303345,9.77901935577393,9.75995470577623
"60","chr11",69838287,7.7474308013916,2.58732080459595,2.58732080459595
"61","chr11",101552757,9.62427711486816,3.33982563018799,3.3687333098036
"62","chr11",55469431,9.45337772369385,3.09664916992188,3.12555684953749
"63","chr11",23255853,9.78554534912109,2.61467432975769,2.6435820093733
"64","chr11",3130274,5.89703178405762,3.13274335861206,3.11367870861437
"65","chr11",96830168,9.02581405639648,2.58095860481262,2.60461919363908
"66","chr11",70668781,7.44607496261597,2.53109765052795,2.53109765052795
"67","chr11",102408708,9.32410526275635,2.40270328521729,2.42636387404374
"68","chr11",96978063,8.78480911254883,2.88421010971069,2.90055613546564
"69","chr11",101552799,8.39806270599365,2.94234943389893,2.94450796686286
"70","chr11",3185059,6.42211294174194,7.26001071929932,7.24094606930163
"71","chr11",99024238,10.1552848815918,3.20117211341858,3.23007979303419
"72","chr11",3182390,9.58200168609619,6.34000062942505,6.36890830904066
"73","chr11",20201122,9.29121398925781,2.44850397109985,2.47216455992631
"74","chr11",3174905,7.22599697113037,6.41261100769043,6.41261100769043
"75","chr11",87109128,8.99228763580322,2.68639731407166,2.7027433398266
"76","chr11",6415347,6.54646873474121,2.39156651496887,2.37942113539083
"77","chr11",48856556,6.99210357666016,3.3601131439209,3.3601131439209
"78","chr11",120231694,8.79420375823975,2.47059011459351,2.48693614034845
"79","chr11",96830003,7.8305082321167,2.50681662559509,2.50889796042029
"80","chr11",22607649,8.04194068908691,2.40851497650146,2.4106735094654
"81","chr11",3125122,8.25864124298096,3.44936203956604,3.45152057252998
"82","chr11",99024407,9.36852931976318,2.9988214969635,3.02248208578996
"83","chr11",96916513,7.4070520401001,2.37183356285095,2.37183356285095
"84","chr11",68691849,7.18898963928223,2.51957321166992,2.51957321166992
"85","chr11",40695058,8.37837696075439,2.36923670768738,2.37139524065131
"86","chr11",3177248,7.70770978927612,8.83891487121582,8.83891487121582
"87","chr11",70668549,5.48125648498535,2.45344185829163,2.43437720829394
"88","chr11",87109191,5.54074048995972,2.49785280227661,2.47878815227892
"89","chr11",103115996,6.1263747215271,3.26468920707703,3.24562455707934
"90","chr11",70669015,8.32647895812988,2.68703079223633,2.68918932520026
"91","chr11",3178268,6.84981107711792,7.32153511047363,7.32153511047363
"92","chr11",68692034,7.66504859924316,2.53459596633911,2.53459596633911
"93","chr11",96830130,4.83758354187012,2.64459753036499,2.6255328803673
"94","chr11",106500786,8.52314376831055,3.01585650444031,3.01801503740424
"95","chr11",68691788,9.53378963470459,2.45951318740845,2.48842086702406
"96","chr11",69040588,6.3720531463623,4.02178716659546,4.00272251659777
"97","chr11",117963435,8.10202026367188,2.38719272613525,2.38935125909919
"98","chr11",62551797,3.75701689720154,2.64123034477234,2.62216569477465
"99","chr11",100939486,7.89965963363647,2.47252702713013,2.47468556009406
"100","chr11",70668878,8.05841255187988,2.56103706359863,2.56319559656257
"101","chr11",3124923,5.96014499664307,3.72460412979126,3.70553947979357
"102","chr11",96916610,8.58744335174561,2.62332248687744,2.62548101984138
"103","chr11",87108971,6.86963367462158,2.53021550178528,2.53021550178528
"104","chr12",70974648,11.2111806869507,2.48296999931335,2.54093133376734
"105","chr12",59012574,10.0158834457397,2.6234233379364,2.65233101755201
"106","chr12",4769270,11.6689519882202,2.34923768043518,2.46610046803235
"107","chr12",111538133,9.7382984161377,2.69650816917419,2.72541584878981
"108","chr12",111538101,9.21455192565918,2.590092420578,2.61375300940446
"109","chr12",12787902,8.89831829071045,2.48312711715698,2.49947314291192
"110","chr12",8921907,8.15963649749756,2.51879549026489,2.52095402322883
"111","chr12",4720087,8.76464176177979,2.4423041343689,2.45865016012384
"112","chr12",54316916,7.29745578765869,2.58671808242798,2.58671808242798
"113","chr13",23751005,10.9556159973145,2.38777875900269,2.4166864386183
"114","chr13",21787407,11.1828641891479,3.35658574104309,3.3854934206587
"115","chr13",21717570,10.8359928131104,2.55436897277832,2.58327665239393
"116","chr13",44705822,9.25286197662354,3.35018515586853,3.37384574469499
"117","chr13",34130523,10.8383102416992,2.40044403076172,2.42935171037733
"118","chr13",23575702,8.94892311096191,2.82698392868042,2.84332995443536
"119","chr13",23544407,11.0456628799438,2.38795971870422,2.41686739831984
"120","chr13",23535242,10.3912401199341,2.4063093662262,2.43521704584181
"121","chr13",21787337,9.1427059173584,2.90198254585266,2.92564313467912
"122","chr13",23738748,9.31259536743164,2.44773077964783,2.47139136847428
"123","chr13",23574369,9.28711605072021,2.49590301513672,2.51956360396318
"124","chr13",23571245,9.14838314056396,3.11103701591492,3.13469760474137
"125","chr13",81783159,8.62100410461426,2.67655611038208,2.67871464334602
"126","chr13",23516924,10.1709756851196,3.00926756858826,3.03817524820387
"127","chr13",22043118,7.81840372085571,2.72587370872498,2.72795504355017
"128","chr13",23752248,7.33177089691162,2.41684055328369,2.41684055328369
"129","chr13",23763607,9.36936855316162,2.99486899375916,3.01852958258561
"130","chr13",22035684,9.04803466796875,2.7931797504425,2.81684033926896
"131","chr13",23746673,10.1779003143311,2.73197388648987,2.76088156610548
"132","chr13",23684048,6.62258148193359,2.62326073646545,2.61111535688741
"133","chr13",51645259,8.6380615234375,2.65940928459167,2.66902969266146
"134","chr13",23556221,9.75047492980957,3.10731291770935,3.13622059732496
"135","chr13",23401912,8.66474533081055,5.62074851989746,5.6370945456524
"136","chr13",23535219,10.1583595275879,2.39982938766479,2.42873706728041
"137","chr13",21710638,6.76114320755005,2.96894288063049,2.96894288063049
"138","chr13",23554976,9.65813255310059,3.10730695724487,3.13621463686049
"139","chr13",81783221,8.00618171691895,2.45665979385376,2.4588183268177
"140","chr13",22043110,6.8318190574646,2.94502520561218,2.94502520561218
"141","chr13",23574315,7.64976501464844,2.5257716178894,2.5257716178894
"142","chr13",23572197,8.23914527893066,2.75392484664917,2.75608337961311
"143","chr13",23761288,7.87217950820923,2.47213768959045,2.47429622255439
"144","chr13",21786735,6.57904148101807,2.73612427711487,2.72397889753682
"145","chr13",23563386,8.50260162353516,3.00153684616089,3.00369537912482
"146","chr13",21169303,6.50736713409424,2.84688711166382,2.83402520420001
"147","chr13",23499989,6.13720893859863,3.49617099761963,3.47710634762194
"148","chr13",62182046,8.1369047164917,2.4858124256134,2.48797095857734
"149","chr13",17695123,7.99712705612183,2.43938851356506,2.441547046529
"150","chr13",23535266,7.07077026367188,2.52710294723511,2.52710294723511
"151","chr13",40730778,6.60131740570068,2.45147204399109,2.43932666441304
"152","chr13",21779501,6.7832145690918,2.83328008651733,2.83328008651733
"153","chr13",21936359,6.64510822296143,2.70329761505127,2.70329761505127
"154","chr13",14063639,5.70237684249878,2.41591286659241,2.39684821659472
"155","chr14",21052907,11.5215454101562,2.38498711585999,2.47578168888212
"156","chr14",67008551,11.1359567642212,2.70272183418274,2.73162951379835
"157","chr14",21500584,8.37956619262695,2.96755313873291,2.96971167169685
"158","chr14",119007641,7.09848785400391,2.42755675315857,2.42755675315857
"159","chr14",55560447,9.315505027771,2.96668529510498,2.99034588393144
"160","chr14",67715681,7.25592708587646,2.55451893806458,2.55451893806458
"161","chr14",55015217,9.96304130554199,2.79935240745544,2.82826008707106
"162","chr14",105859384,5.68974161148071,2.78062653541565,2.76156188541796
"163","chr15",81190814,11.9072999954224,2.34586191177368,2.47891511280063
"164","chr15",38300810,11.4465475082397,2.32729649543762,2.41809106845976
"165","chr15",38300778,12.0410432815552,2.47796940803528,2.61102260906222
"166","chr15",79063218,11.0426578521729,2.41373753547668,2.4426452150923
"167","chr15",81190932,10.3461380004883,2.47101187705994,2.49991955667555
"168","chr15",103239376,7.84771156311035,2.58049488067627,2.58257621550147
"169","chr15",79063193,9.2449893951416,2.38379955291748,2.40746014174394
"170","chr15",103239867,7.1915922164917,3.18902993202209,3.18902993202209
"171","chr15",102405818,9.58491230010986,3.82400822639465,3.85291590601027
"172","chr15",103240201,9.04431819915771,3.46837496757507,3.49203555640153
"173","chr16",30065188,10.1095952987671,2.57319402694702,2.60210170656263
"174","chr16",11143930,8.0905933380127,2.81383967399597,2.81599820695991
"175","chr16",42875426,10.3244571685791,2.87331509590149,2.9022227755171
"176","chr16",42875646,8.64058589935303,2.86548209190369,2.87510249997347
"177","chr16",4880528,6.24542665481567,2.45409083366394,2.43502618366625
"178","chr17",20945690,11.6616973876953,2.48923945426941,2.60610224186658
"179","chr17",33760591,11.0366830825806,3.02824997901917,3.05715765863478
"180","chr17",32993093,7.48175668716431,2.55049300193787,2.55049300193787
"181","chr17",46752345,9.92415523529053,2.37083864212036,2.39974632173597
"182","chr17",46752383,12.6988830566406,2.1701717376709,2.41530765657534
"183","chr17",35841585,9.89061546325684,2.91905808448792,2.94796576410353
"184","chr17",56325956,10.8261337280273,2.52879500389099,2.5577026835066
"185","chr17",17004743,11.9283266067505,2.97878885269165,3.11184205371859
"186","chr17",17063742,11.9283266067505,3.5065290927887,3.63958229381564
"187","chr17",56325670,5.87225818634033,2.39982628822327,2.38076163822558
"188","chr17",35916866,11.3845481872559,2.92814970016479,2.98611103461878
"189","chr17",56290577,10.3829975128174,2.81531000137329,2.8442176809889
"190","chr17",84957559,10.9052324295044,2.8629207611084,2.89182844072401
"191","chr17",84957277,10.7124547958374,3.04040431976318,3.0693119993788
"192","chr17",3082949,10.0434045791626,6.95408391952515,6.98299159914076
"193","chr17",6827915,10.6606292724609,2.5243616104126,2.55326929002821
"194","chr17",17063953,10.0946960449219,3.84043097496033,3.86933865457594
"195","chr17",32993065,9.03622436523438,2.51221942901611,2.53588001784257
"196","chr17",25273960,6.56818389892578,2.45106101036072,2.43891563078267
"197","chr17",56717103,5.47683715820312,2.39584231376648,2.37677766376879
"198","chr17",33760397,8.18590354919434,3.05031633377075,3.05247486673469
"199","chr17",17004962,9.74782562255859,3.13738131523132,3.16628899484694
"200","chr17",17234711,9.74782562255859,3.27580666542053,3.30471434503615
"201","chr17",17234500,10.1092901229858,2.92574119567871,2.95464887529432
"202","chr17",35917835,8.82339668273926,3.62767457962036,3.6440206053753
"203","chr17",30879980,8.66458606719971,3.32917308807373,3.34551911382867
"204","chr17",84957776,7.5123815536499,3.19442415237427,3.19442415237427
"205","chr17",6429745,5.44638967514038,2.90988779067993,2.89082314068224
"206","chr17",39842231,5.31714010238647,4.52623891830444,4.50717426830675
"207","chr17",15564364,6.05836153030396,2.75439381599426,2.73532916599657
"208","chr17",25920246,8.13679313659668,2.36959862709045,2.37175716005439
"209","chr17",39842912,6.73286819458008,19.928581237793,19.928581237793
"210","chr17",36997457,4.22176074981689,2.45303320884705,2.43396855884935
"211","chr17",35821533,8.84646892547607,2.36540865898132,2.38175468473627
"212","chr17",35165449,8.45531177520752,2.56869435310364,2.57085288606757
"213","chr17",35917592,5.94615125656128,3.4844822883606,3.4654176383629
"214","chr17",57247698,8.10078525543213,2.54587268829346,2.54803122125739
"215","chr17",46813348,4.6569619178772,2.42207145690918,2.40300680691149
"216","chr17",57031633,7.73297309875488,2.58113622665405,2.58113622665405
"217","chr17",35916834,6.37977695465088,2.98691868782043,2.96785403782274
"218","chr17",34119613,7.95433521270752,2.37232828140259,2.37448681436652
"219","chr18",61626739,11.1336994171143,2.44360065460205,2.47250833421766
"220","chr18",34751605,10.4935655593872,2.41977000236511,2.44867768198073
"221","chr18",34751641,8.76097774505615,2.65126085281372,2.66760687856866
"222","chr18",34751720,9.06338024139404,2.41754245758057,2.44120304640702
"223","chr18",84934532,5.91106748580933,2.69915318489075,2.68008853489306
"224","chr18",31568108,6.58458709716797,2.52364277839661,2.51149739881856
"225","chr19",14598279,12.0688142776489,2.40258550643921,2.53563870746615
"226","chr19",46395223,8.37919521331787,2.56033563613892,2.56249416910285
"227","chr19",6241600,10.7178812026978,2.70818543434143,2.73709311395704
"228","chr19",11965336,8.85633277893066,2.57945513725281,2.59580116300775
"229","chr19",11965276,8.38909435272217,2.52733874320984,2.52949727617377
"230","chr19",8819474,10.2894716262817,2.74436902999878,2.77327670961439
"231","chr19",4097227,10.4613094329834,2.51532340049744,2.54423108011305
"232","chr19",44293948,10.3670701980591,2.36868500709534,2.39759268671095
"233","chr19",8741705,8.12948703765869,2.59115934371948,2.59331787668342
"234","chr19",4097187,8.97456455230713,2.37614154815674,2.39248757391168
"235","chr19",44293991,8.84956359863281,2.55188584327698,2.56823186903192
"236","chr19",44931082,9.79794120788574,2.47672057151794,2.50562825113356
"237","chr19",8741345,9.24511337280273,2.39440846443176,2.41806905325822
"238","chr19",8819346,9.26105117797852,2.54024815559387,2.56390874442033
"239","chr19",4811638,8.7128963470459,2.36844301223755,2.38478903799249
"240","chr19",8819440,6.17232131958008,2.65272402763367,2.63365937763598
"241","chr19",11965765,8.3664722442627,2.64282178878784,2.64498032175178
"242","chr19",46395272,8.52828979492188,2.86429643630981,2.86645496927375
"243","chr19",11965642,9.50436019897461,2.69702768325806,2.72593536287367
"244","chr19",21674719,7.07291746139526,2.3879063129425,2.3879063129425
"245","chr19",8712922,7.6422004699707,2.7749125957489,2.7749125957489
"246","chr19",4097260,7.0157585144043,2.76685500144958,2.76685500144958
"247","chr19",6241630,8.3730354309082,2.61532950401306,2.617488036977
"248","chr19",14598416,7.31216287612915,2.47848868370056,2.47848868370056
"249","chr1",132471046,11.8169431686401,2.28330540657043,2.41635860759738
"250","chr1",191397301,9.65103244781494,2.43442487716675,2.46333255678236
"251","chr1",131527797,12.0854816436768,2.4958131313324,2.62886633235934
"252","chr1",86526611,10.3704423904419,2.65160775184631,2.68051543146193
"253","chr1",136570747,5.52464866638184,2.44984030723572,2.43077565723803
"254","chr1",131910435,9.62837886810303,2.55443716049194,2.58334484010756
"255","chr1",161070680,10.5752534866333,2.46177768707275,2.49068536668837
"256","chr1",191397525,7.73155403137207,2.50994348526001,2.50994348526001
"257","chr1",171502856,10.1971578598022,2.53070998191833,2.55961766153395
"258","chr1",191397662,9.04879474639893,2.66366791725159,2.68732850607804
"259","chr1",131527698,9.29745483398438,2.4273042678833,2.45096485670976
"260","chr1",165461040,9.37864398956299,2.39785623550415,2.42154498450077
"261","chr1",85592491,9.4139518737793,2.58068037033081,2.60958804994642
"262","chr1",51478565,8.03414535522461,2.3814480304718,2.38360656343574
"263","chr1",131527766,8.14433860778809,2.52279710769653,2.52495564066047
"264","chr1",36988684,9.31725883483887,2.43819880485535,2.4618593936818
"265","chr1",86525375,8.3730354309082,2.65763378143311,2.65979231439704
"266","chr1",131527622,8.98515224456787,2.51948833465576,2.5358343604107
"267","chr2",143915036,10.4518747329712,2.44367837905884,2.47258605867445
"268","chr2",136891443,9.3242015838623,2.85527753829956,2.87893812712602
"269","chr2",177074178,11.4569034576416,2.61023092269897,2.70102549572111
"270","chr2",150311376,11.7929525375366,2.26754379272461,2.38440658032178
"271","chr2",32137998,12.2468976974487,2.18746662139893,2.42158105790427
"272","chr2",119618659,8.9069652557373,2.69748711585999,2.71383314161493
"273","chr2",152831390,9.96330833435059,2.36689329147339,2.395800971089
"274","chr2",119618608,8.45816707611084,2.62105560302734,2.62321413599128
"275","chr2",32451515,9.73846626281738,2.41808533668518,2.44699301630079
"276","chr2",90745372,9.35217475891113,2.69131517410278,2.71497576292924
"277","chr2",3513007,9.64845657348633,2.35229659080505,2.38120427042067
"278","chr2",84715697,9.81041145324707,2.64667344093323,2.67558112054884
"279","chr2",27540135,10.66721534729,2.7103283405304,2.73923602014601
"280","chr2",37359308,7.531005859375,2.95600366592407,2.95600366592407
"281","chr2",75768449,9.7267484664917,2.45721220970154,2.48611988931715
"282","chr2",122370189,8.92996025085449,2.44121384620667,2.45755987196161
"283","chr2",84650823,7.59370708465576,2.544837474823,2.544837474823
"284","chr2",181917670,6.18614816665649,4.99553442001343,4.97646977001574
"285","chr2",37359266,8.06574058532715,2.84377670288086,2.8459352358448
"286","chr2",150311402,8.79944133758545,2.4154896736145,2.43183569936944
"287","chr2",170529909,7.19663047790527,2.84911060333252,2.84911060333252
"288","chr2",91237673,8.24522304534912,2.44016766548157,2.4423261984455
"289","chr2",32452010,7.41042709350586,2.73954200744629,2.73954200744629
"290","chr2",136891940,3.75244855880737,2.52577829360962,2.50671364361193
"291","chr2",58626158,6.45041227340698,2.55150628089905,2.53660433782725
"292","chr3",75557072,10.2043924331665,2.61404752731323,2.64295520692885
"293","chr3",96262383,11.8169431686401,2.34196829795837,2.47502149898532
"294","chr3",108653881,12.0744171142578,2.44638681411743,2.57944001514438
"295","chr3",96557850,10.5936670303345,2.63910388946533,2.66801156908095
"296","chr3",87886337,8.32136535644531,2.54652857780457,2.5486871107685
"297","chr3",95819439,10.9654207229614,2.81928086280823,2.84818854242384
"298","chr3",31056361,11.3225812911987,2.64046263694763,2.69842397140161
"299","chr3",96576862,10.8548793792725,2.91796588897705,2.94687356859266
"300","chr3",96576893,10.1729345321655,2.77307057380676,2.80197825342238
"301","chr3",34654186,8.73690700531006,2.92201399803162,2.93836002378656
"302","chr3",75556975,7.02508449554443,2.46655631065369,2.46655631065369
"303","chr3",97158444,5.999427318573,2.62937688827515,2.61031223827746
"304","chr3",95929021,7.08475160598755,2.46073937416077,2.46073937416077
"305","chr3",61363797,8.55133819580078,2.474778175354,2.47693670831794
"306","chr3",90293167,8.84312915802002,2.69620203971863,2.71254806547357
"307","chr3",90476091,8.69175624847412,3.18481779098511,3.20116381674005
"308","chr3",88576012,8.05094432830811,2.67574429512024,2.67790282808418
"309","chr3",96269616,8.99333095550537,2.64932537078857,2.66567139654352
"310","chr3",95929094,7.33684206008911,2.63516616821289,2.63516616821289
"311","chr4",132515593,8.64109516143799,2.74394941329956,2.75356982136935
"312","chr4",134853937,11.2743549346924,2.56136512756348,2.61932646201746
"313","chr4",118180118,8.06343650817871,2.49854040145874,2.50069893442268
"314","chr4",132515557,10.7345857620239,2.82597255706787,2.85488023668348
"315","chr4",135855937,8.50415992736816,2.40738749504089,2.40954602800483
"316","chr4",133130506,10.9487476348877,2.71810102462769,2.7470087042433
"317","chr4",119108752,7.95431232452393,2.425950050354,2.42810858331794
"318","chr4",98923280,8.05614757537842,2.39460611343384,2.39676464639777
"319","chr4",150237139,10.0169200897217,2.50250864028931,2.53141631990492
"320","chr4",33247823,10.4982309341431,2.4168918132782,2.44579949289381
"321","chr4",118180065,9.06551265716553,2.62685346603394,2.65051405486039
"322","chr4",118180210,8.32859706878662,2.56188607215881,2.56404460512275
"323","chr4",151862113,8.32999610900879,2.43166661262512,2.43382514558906
"324","chr4",133130464,7.53300094604492,2.68614912033081,2.68614912033081
"325","chr4",150281507,6.01406145095825,2.65084886550903,2.63178421551134
"326","chr4",141564820,8.71868228912354,2.59825778007507,2.61460380583002
"327","chr4",11254275,8.56586360931396,2.44332695007324,2.44548548303718
"328","chr4",127021098,6.07214975357056,2.49633073806763,2.47726608806994
"329","chr4",133354067,7.10500431060791,2.44025301933289,2.44025301933289
"330","chr4",118179722,8.85352516174316,2.46691656112671,2.48326258688165
"331","chr4",119138446,7.50508451461792,2.39027953147888,2.39027953147888
"332","chr4",132515207,4.66985464096069,2.46906709671021,2.45000244671251
"333","chr4",42949793,7.78236722946167,2.49816989898682,2.49816989898682
"334","chr5",123748733,9.10486793518066,2.6920793056488,2.71573989447526
"335","chr5",121848937,9.99216747283936,2.68880224227905,2.71770992189467
"336","chr5",137787411,10.2349720001221,3.59275150299072,3.62165918260634
"337","chr5",129887357,10.0328416824341,2.72958874702454,2.75849642664015
"338","chr5",134313850,11.6426706314087,3.14959597587585,3.26645876347302
"339","chr5",122821333,9.81242942810059,2.43007946014404,2.45898713975966
"340","chr5",138171900,10.3037815093994,2.39267325401306,2.42158093362867
"341","chr5",53555892,4.54912757873535,2.4042956829071,2.38523103290941
"342","chr5",53555118,11.0857448577881,2.58316349983215,2.61207117944777
"343","chr5",23433388,7.24589538574219,2.42658257484436,2.42658257484436
"344","chr5",134313623,8.42023086547852,2.59257006645203,2.59472859941596
"345","chr5",30888873,9.0633373260498,3.33552956581116,3.35919015463761
"346","chr5",115559375,9.08369636535645,2.4342668056488,2.45792739447526
"347","chr5",120613424,8.26395320892334,2.45080184936523,2.45296038232917
"348","chr5",30888920,9.01968479156494,3.29703211784363,3.31337814359857
"349","chr5",118435059,9.18221187591553,2.47228479385376,2.49594538268022
"350","chr5",138171946,8.54532718658447,2.43698358535767,2.4391421183216
"351","chr5",123141173,7.10399675369263,2.48635172843933,2.48635172843933
"352","chr5",125393158,8.04653263092041,2.69589686393738,2.69805539690131
"353","chr5",139149999,6.31075716018677,2.61106944084167,2.59200479084398
"354","chr5",129942023,8.41356182098389,2.60982418060303,2.61198271356696
"355","chr5",34336373,7.71821451187134,2.4605610370636,2.4605610370636
"356","chr5",109558015,7.4177942276001,3.15810322761536,3.15810322761536
"357","chr5",115489480,9.88559627532959,3.2684338092804,3.29734148889601
"358","chr5",115490275,9.88559627532959,3.32451367378235,3.35342135339796
"359","chr5",148371569,7.31689453125,2.68769645690918,2.68769645690918
"360","chr5",24394328,7.83237743377686,2.88418912887573,2.88627046370093
"361","chr5",114175395,6.82212591171265,2.79781079292297,2.79781079292297
"362","chr5",115465180,8.05094432830811,2.44099259376526,2.44315112672919
"363","chr5",30887441,7.38550758361816,2.59444427490234,2.59444427490234
"364","chr6",51178221,12.1306324005127,2.42189192771912,2.64317643792155
"365","chr6",124741514,10.3786144256592,2.74922728538513,2.77813496500075
"366","chr6",51171107,11.7794933319092,2.44217157363892,2.55903436123608
"367","chr6",124829857,9.91579818725586,3.52107310295105,3.54998078256666
"368","chr6",125191754,10.7784843444824,2.64735770225525,2.67626538187086
"369","chr6",124829464,9.24725246429443,3.62286329269409,3.64652388152055
"370","chr6",124919783,7.44743013381958,2.5068085193634,2.5068085193634
"371","chr6",113076550,8.99309062957764,2.5146312713623,2.53097729711725
"372","chr6",113076886,10.2705726623535,2.4922308921814,2.52113857179701
"373","chr6",124830167,9.03163623809814,3.00893330574036,3.03259389456681
"374","chr6",122810908,8.50779056549072,2.4832911491394,2.48544968210334
"375","chr6",86403828,5.60071516036987,2.38943600654602,2.37037135654833
"376","chr6",124919881,8.4909200668335,2.75952458381653,2.76168311678046
"377","chr6",113076585,9.07694530487061,2.66838908195496,2.69204967078141
"378","chr6",57535857,5.50702524185181,2.4119930267334,2.39292837673571
"379","chr6",124829775,9.66946983337402,3.6286768913269,3.65758457094252
"380","chr6",51469936,7.82491016387939,2.99204325675964,2.99412459158484
"381","chr6",124805822,6.5314736366272,2.46254086494446,2.45039548536641
"382","chr6",85105372,8.53212070465088,2.38859629631042,2.39075482927436
"383","chr6",136804260,5.37486267089844,3.49899554252625,3.47993089252855
"384","chr6",122810971,8.53748607635498,2.69323492050171,2.69539345346564
"385","chr7",98656878,11.9073629379272,2.37109041213989,2.50414361316684
"386","chr7",45814440,9.50119495391846,2.5604100227356,2.58931770235121
"387","chr7",28810399,8.31650257110596,3.24396467208862,3.24612320505256
"388","chr7",92874275,10.4632396697998,2.3493344783783,2.37824215799391
"389","chr7",102210556,11.1477727890015,2.48782825469971,2.51673593431532
"390","chr7",4752293,9.53582954406738,3.15063285827637,3.17954053789198
"391","chr7",78895867,12.2541704177856,2.28720641136169,2.52132084786704
"392","chr7",45459911,11.5140705108643,2.29364061355591,2.38443518657804
"393","chr7",111122740,9.0662727355957,2.49765038490295,2.52131097372941
"394","chr7",3222192,8.80227661132812,2.63472461700439,2.65107064275934
"395","chr7",19228688,9.0850076675415,2.48231267929077,2.50597326811723
"396","chr7",4740045,10.5818433761597,3.15369892120361,3.18260660081923
"397","chr7",19228655,7.55802583694458,2.46376538276672,2.46376538276672
"398","chr7",28810333,9.76147842407227,3.18102669715881,3.20993437677443
"399","chr7",41633494,11.7314195632935,2.46209335327148,2.57895614086865
"400","chr7",30193471,10.0449857711792,2.43212628364563,2.46103396326124
"401","chr7",28810555,9.17100524902344,3.40249729156494,3.4261578803914
"402","chr7",16781257,11.3266935348511,2.67755198478699,2.73551331924097
"403","chr7",73537955,11.5889091491699,2.84460878372192,2.93540335674406
"404","chr7",19228828,9.73785209655762,2.46156096458435,2.49046864419996
"405","chr7",118129746,10.8855571746826,2.63267040252686,2.66157808214247
"406","chr7",44305189,8.73813629150391,2.66771173477173,2.68405776052667
"407","chr7",27473711,6.70945739746094,2.72771382331848,2.72771382331848
"408","chr7",45434653,7.28809595108032,2.92892599105835,2.92892599105835
"409","chr7",44604467,10.3523216247559,2.55581521987915,2.58472289949476
"410","chr7",44405942,9.98753070831299,2.48649549484253,2.51540317445814
"411","chr7",25755322,8.78038597106934,2.5302369594574,2.54658298521234
"412","chr7",73537477,10.488317489624,2.50347805023193,2.53238572984755
"413","chr7",127769022,9.13448429107666,2.99610280990601,3.01976339873246
"414","chr7",25755193,9.26676940917969,2.34576177597046,2.36942236479692
"415","chr7",47008494,10.3090200424194,2.47241401672363,2.50132169633925
"416","chr7",30280489,8.06321430206299,2.4925754070282,2.49473393999213
"417","chr7",3644955,9.17299556732178,2.71444606781006,2.73810665663652
"418","chr7",4753094,10.4945030212402,3.02142024040222,3.05032792001784
"419","chr7",44405812,8.29046154022217,2.3840434551239,2.38620198808784
"420","chr7",30552352,9.05269908905029,2.68029046058655,2.703951049413
"421","chr7",30280457,9.82319259643555,2.3962414264679,2.42514910608351
"422","chr7",3645061,7.64546298980713,2.62936353683472,2.62936353683472
"423","chr7",27196185,9.51840400695801,2.3503053188324,2.37921299844801
"424","chr7",45128876,8.51360511779785,2.61058855056763,2.61274708353156
"425","chr7",3645118,10.3598222732544,2.52701807022095,2.55592574983656
"426","chr7",16875219,7.60462665557861,2.5338671207428,2.5338671207428
"427","chr7",3644825,9.1092643737793,2.64981913566589,2.67347972449235
"428","chr7",3217780,8.63534164428711,3.11336636543274,3.12298677350253
"429","chr7",18910618,6.76200294494629,2.39441084861755,2.39441084861755
"430","chr7",45395906,4.75710153579712,2.56118321418762,2.54211856418993
"431","chr7",127477937,7.23079919815063,2.56240510940552,2.56240510940552
"432","chr7",30552471,5.09314155578613,2.63381719589233,2.61475254589464
"433","chr7",45367172,9.56214714050293,2.41540098190308,2.44430866151869
"434","chr7",110061601,7.25592708587646,3.38693928718567,3.38693928718567
"435","chr7",4812884,9.18300247192383,3.2062451839447,3.22990577277116
"436","chr7",43267564,7.13327503204346,2.76215696334839,2.76215696334839
"437","chr7",3411374,7.35057544708252,2.7334988117218,2.7334988117218
"438","chr7",28810768,5.65113258361816,3.44691610336304,3.42785145336535
"439","chr7",4753291,6.69629335403442,2.70386695861816,2.70386695861816
"440","chr7",27508134,6.49759578704834,2.64566493034363,2.63076298727183
"441","chr7",45459955,8.58612442016602,2.41671633720398,2.41887487016792
"442","chr7",16048330,7.48003149032593,2.5388810634613,2.5388810634613
"443","chr7",28981983,5.20588207244873,2.39204883575439,2.3729841857567
"444","chr7",4812785,8.39333724975586,3.10883259773254,3.11099113069648
"445","chr7",127769777,5.88972759246826,2.80986309051514,2.79079844051745
"446","chr7",3644857,8.06706142425537,2.77399969100952,2.77615822397346
"447","chr7",4739852,7.58903121948242,2.94224715232849,2.94224715232849
"448","chr7",45434738,8.21232604980469,2.71354985237122,2.71570838533515
"449","chr7",111122769,7.31571054458618,2.36879348754883,2.36879348754883
"450","chr7",28810869,7.9605598449707,3.65061450004578,3.65277303300971
"451","chr8",70754542,9.49232196807861,2.68024516105652,2.70915284067213
"452","chr8",3567882,11.4114780426025,2.53410267829895,2.59206401275293
"453","chr8",84847070,10.304105758667,2.39246845245361,2.42137613206923
"454","chr8",25847752,11.8188524246216,2.80728960037231,2.94034280139926
"455","chr8",57511827,11.7578992843628,2.2896580696106,2.40652085720776
"456","chr8",84067351,9.57292938232422,2.55652260780334,2.58543028741896
"457","chr8",123427655,7.96785926818848,13.4012880325317,13.4034465654957
"458","chr8",72161264,8.30867099761963,2.41280651092529,2.41496504388923
"459","chr8",105827246,10.0137329101562,2.3853964805603,2.41430416017592
"460","chr8",84066743,7.53887224197388,3.05618190765381,3.05618190765381
"461","chr8",25597604,8.72901248931885,2.37653803825378,2.39288406400873
"462","chr8",71570461,8.03090953826904,2.86899518966675,2.87115372263068
"463","chr8",70839658,4.85861206054688,2.49863314628601,2.47956849628832
"464","chr9",53706626,9.39530563354492,3.06917405128479,3.0980817309004
"465","chr9",21955687,7.6987133026123,2.58936262130737,2.58936262130737
"466","chr9",21291420,11.5043516159058,2.60118675231934,2.69198132534147
"467","chr9",13827510,9.9953088760376,2.65383720397949,2.68274488359511
"468","chr9",4376519,12.2468976974487,2.29952144622803,2.53363588273337
"469","chr9",44334623,10.5132265090942,2.73933124542236,2.76823892503798
"470","chr9",114556733,9.65402030944824,2.52774119377136,2.55664887338698
"471","chr9",13827105,11.0165061950684,2.4746835231781,2.50359120279371
"472","chr9",53706668,10.9873085021973,2.86190128326416,2.89080896287977
"473","chr9",31280471,9.57619762420654,3.47057294845581,3.49948062807142
"474","chr9",21220731,9.98762512207031,3.00046396255493,3.02937164217054
"475","chr9",13827420,9.39223003387451,2.97171640396118,3.00062408357679
"476","chr9",13827702,8.64768314361572,2.69865727424622,2.71500330000116
"477","chr9",22226195,8.73348331451416,2.82263898849487,2.83898501424982
"478","chr9",61946797,10.1621131896973,2.34545278549194,2.37436046510756
"479","chr9",114582671,6.81968641281128,2.46077609062195,2.46077609062195
"480","chr9",56535001,7.97551441192627,2.40226721763611,2.40442575060004
"481","chr9",24541557,7.99888277053833,2.384197473526,2.38635600648994
"482","chr9",13827460,6.28321599960327,2.85462641716003,2.83556176716234
"483","chr9",114584319,7.09056949615479,2.68117141723633,2.68117141723633
"484","chr9",62828579,4.35645246505737,3.0926308631897,3.07356621319201
"485","chrX",112371593,4.20560789108276,2.92734265327454,2.90827800327685
"486","chrX",143483458,3.58253884315491,3.97755932807922,3.95849467808153
"487","chrX",143482837,6.56188011169434,3.19798159599304,3.185836216415
